snp_name,snp_odds_ratio,snp_freq
rs616488,0.94,0.33
rs11552449,1.04,0.17
rs11249433,1.11,0.41
rs12405132,0.97,0.37
rs12048493,1.04,0.38
rs6678914,1,0.41
rs4245739,1.02,0.26
rs72755295,1.15,0.03
rs12710696,1.03,0.37
rs4849887,0.91,0.1
rs2016394,0.95,0.47
rs1550623,0.95,0.15
rs16857609,1.06,0.26
rs6762644,1.05,0.38
rs4973768,1.11,0.47
rs12493607,1.05,0.34
rs6796502,0.92,0.1
rs9790517,1.04,0.23
rs6828523,0.91,0.12
rs10069690,1.06,0.26
rs13162653,0.99,0.45
rs2012709,1.02,0.48
rs10941679,1.15,0.25
rs10472076,1.03,0.38
rs1353747,0.96,0.09
rs7707921,0.96,0.25
rs1432679,1.08,0.43
rs11242675,1,0.37
rs204247,1.04,0.44
rs9257408,1.02,0.41
rs4593472,0.97,0.35
rs720475,0.96,0.25
rs9693444,1.06,0.32
rs13365225,0.91,0.18
rs6472903,0.94,0.17
rs2943559,1.1,0.08
rs13267382,1.03,0.36
rs11780156,1.05,0.17
rs1011970,1.07,0.16
rs10759243,1.06,0.29
rs2380205,0.98,0.44
rs7072776,1.05,0.29
rs11814448,1.12,0.02
rs7904519,1.03,0.46
rs11199914,0.96,0.32
rs554219,1.21,0.13
rs75915166,1.28,0.06
rs11820646,0.96,0.4
rs12422552,1.06,0.26
rs17356907,0.91,0.3
rs1292011,0.92,0.42
rs11571833,1.35,0.01
rs2236007,0.93,0.21
rs2588809,1.06,0.17
rs999737,0.91,0.23
rs941764,1.03,0.35
rs11627032,0.96,0.25
rs17817449,0.95,0.41
rs11075995,1.03,0.24
rs13329835,1.07,0.23
rs146699004,0.97,0.27
rs745570,1.03,0.5
rs527616,0.97,0.38
rs1436904,0.95,0.4
rs6507583,0.92,0.07
rs4808801,0.93,0.34
rs3760982,1.05,0.46
rs2284378,1,0.32
rs2823093,0.94,0.27
rs17879961,1.26,0.005
rs132390,1.04,0.04
rs6001930,1.12,0.1